{"cameraMode":{"drawMode":0,"name":"Shaded","section":"Shading Mode"},"sceneLighting":true,"audioPlay":false,"sceneViewState":{"m_AlwaysRefresh":false,"showFog":true,"showSkybox":true,"showFlares":true,"showImageEffects":true,"showParticleSystems":true,"showVisualEffectGraphs":true,"m_FxEnabled":true},"in2DMode":false,"pivot":{"x":-0.809551477432251,"y":-0.0000032368213851441398,"z":-1.6847050189971924},"rotation":{"x":0.05440180003643036,"y":0.6698870062828064,"z":-0.049325402826070788,"w":0.7388255000114441},"size":2.0694921016693117,"orthographic":true}